﻿<?xml version="1.0" encoding="UTF-8" standalone="yes"?>
<addon id="bc.repository" name="bico doce repository" version="0.0.3" provider-name="wndias">
	<extension point="xbmc.addon.repository" name="bicodoce Add-on Repository">
		<info compressed="false">http://raw.github.com/wndias/bc.repository/master/addons.xml</info>
		<checksum>http://raw.github.com/wndias/bc.repository/master/addons.xml.md5</checksum>
		<datadir zip="true">http://raw.github.com/wndias/bc.repository/master/repo/</datadir>
	</extension>
	<extension point="xbmc.addon.metadata">
		<summary>bico doce Addon</summary>
		<description>entreteririmento para todos by dias wesley - visite nosso site www.entreterimento.net</description>
		<disclaimer></disclaimer>
		<platform>all</platform>
	</extension>
</addon>